fecha,preventista_id,tienda_id,duracion_min,pedido_levantado
2026-06-02,PREV-003,T0009,20,False
2026-06-09,PREV-003,T0009,8,True
2026-06-16,PREV-003,T0009,11,True
2026-06-23,PREV-003,T0009,13,True
2026-06-04,PREV-001,T0010,21,True
2026-06-11,PREV-001,T0010,21,True
2026-06-18,PREV-001,T0010,23,True
2026-06-25,PREV-001,T0010,14,True
2026-06-05,PREV-003,T0011,17,True
2026-06-12,PREV-003,T0011,24,False
2026-06-19,PREV-003,T0011,9,True
2026-06-26,PREV-003,T0011,19,True
2026-06-03,PREV-002,T0012,19,True
2026-06-10,PREV-002,T0012,23,True
2026-06-17,PREV-002,T0012,14,True
2026-06-24,PREV-002,T0012,11,True
2026-06-05,PREV-002,T0013,23,True
2026-06-12,PREV-002,T0013,21,True
2026-06-19,PREV-002,T0013,17,True
2026-06-26,PREV-002,T0013,11,True
2026-06-03,PREV-001,T0014,13,True
2026-06-10,PREV-001,T0014,13,True
2026-06-17,PREV-001,T0014,12,True
2026-06-24,PREV-001,T0014,17,True
2026-06-05,PREV-002,T0017,20,True
2026-06-12,PREV-002,T0017,13,True
2026-06-19,PREV-002,T0017,10,True
2026-06-26,PREV-002,T0017,17,True
2026-06-04,PREV-003,T0018,12,True
2026-06-11,PREV-003,T0018,8,True
2026-06-18,PREV-003,T0018,15,True
2026-06-25,PREV-003,T0018,13,False
2026-06-04,PREV-002,T0019,14,True
2026-06-11,PREV-002,T0019,16,True
2026-06-18,PREV-002,T0019,14,True
2026-06-25,PREV-002,T0019,21,False
2026-06-01,PREV-003,T0020,22,True
2026-06-08,PREV-003,T0020,10,True
2026-06-15,PREV-003,T0020,15,False
2026-06-22,PREV-003,T0020,23,False
2026-06-02,PREV-002,T0021,9,True
2026-06-09,PREV-002,T0021,16,True
2026-06-16,PREV-002,T0021,15,False
2026-06-23,PREV-002,T0021,21,False
2026-06-01,PREV-001,T0022,11,True
2026-06-08,PREV-001,T0022,16,True
2026-06-15,PREV-001,T0022,24,True
2026-06-22,PREV-001,T0022,19,True
2026-06-03,PREV-003,T0023,8,True
2026-06-10,PREV-003,T0023,15,True
2026-06-17,PREV-003,T0023,8,False
2026-06-24,PREV-003,T0023,17,False
2026-06-02,PREV-003,T0024,20,True
2026-06-09,PREV-003,T0024,16,True
2026-06-16,PREV-003,T0024,18,False
2026-06-23,PREV-003,T0024,22,False
2026-06-01,PREV-001,T0025,17,False
2026-06-08,PREV-001,T0025,10,True
2026-06-15,PREV-001,T0025,13,False
2026-06-22,PREV-001,T0025,15,True
2026-06-03,PREV-003,T0026,14,True
2026-06-10,PREV-003,T0026,23,True
2026-06-17,PREV-003,T0026,15,True
2026-06-24,PREV-003,T0026,10,True
2026-06-02,PREV-001,T0027,23,True
2026-06-09,PREV-001,T0027,18,True
2026-06-16,PREV-001,T0027,22,True
2026-06-23,PREV-001,T0027,10,True
2026-06-05,PREV-003,T0028,21,True
2026-06-12,PREV-003,T0028,12,True
2026-06-19,PREV-003,T0028,24,True
2026-06-26,PREV-003,T0028,11,True
2026-06-03,PREV-003,T0029,23,True
2026-06-10,PREV-003,T0029,14,True
2026-06-17,PREV-003,T0029,16,True
2026-06-24,PREV-003,T0029,15,True
2026-06-01,PREV-002,T0030,20,True
2026-06-08,PREV-002,T0030,21,True
2026-06-15,PREV-002,T0030,21,False
2026-06-22,PREV-002,T0030,17,True
2026-06-04,PREV-003,T0031,23,True
2026-06-11,PREV-003,T0031,20,True
2026-06-18,PREV-003,T0031,15,True
2026-06-25,PREV-003,T0031,24,True
2026-06-04,PREV-001,T0032,13,True
2026-06-11,PREV-001,T0032,23,True
2026-06-18,PREV-001,T0032,10,False
2026-06-25,PREV-001,T0032,20,True
2026-06-04,PREV-001,T0033,24,True
2026-06-11,PREV-001,T0033,11,False
2026-06-18,PREV-001,T0033,11,False
2026-06-25,PREV-001,T0033,18,True
2026-06-02,PREV-001,T0034,10,True
2026-06-09,PREV-001,T0034,16,True
2026-06-16,PREV-001,T0034,15,False
2026-06-23,PREV-001,T0034,14,False
2026-06-05,PREV-002,T0035,15,True
2026-06-12,PREV-002,T0035,22,True
2026-06-19,PREV-002,T0035,16,True
2026-06-26,PREV-002,T0035,21,True
2026-06-03,PREV-003,T0036,17,True
2026-06-10,PREV-003,T0036,9,True
2026-06-17,PREV-003,T0036,22,False
2026-06-24,PREV-003,T0036,22,True
2026-06-04,PREV-001,T0037,10,True
2026-06-11,PREV-001,T0037,14,True
2026-06-18,PREV-001,T0037,10,True
2026-06-25,PREV-001,T0037,18,True
2026-06-03,PREV-002,T0038,11,False
2026-06-10,PREV-002,T0038,23,True
2026-06-17,PREV-002,T0038,14,False
2026-06-24,PREV-002,T0038,21,True
2026-06-03,PREV-003,T0039,20,True
2026-06-10,PREV-003,T0039,24,True
2026-06-17,PREV-003,T0039,10,True
2026-06-24,PREV-003,T0039,20,True
2026-06-02,PREV-001,T0040,19,True
2026-06-09,PREV-001,T0040,24,True
2026-06-16,PREV-001,T0040,16,True
2026-06-23,PREV-001,T0040,24,True
