fecha_captura,tienda_id,producto_competidor_id,precio_capturado,preventista_id,comentario
2026-06-02,T0009,COMP-01,59.58,PREV-003,
2026-06-02,T0009,COMP-02,47.02,PREV-003,
2026-06-09,T0009,COMP-01,45.07,PREV-003,
2026-06-09,T0009,COMP-02,37.28,PREV-003,
2026-06-16,T0009,COMP-01,31.51,PREV-003,
2026-06-16,T0009,COMP-02,54.02,PREV-003,
2026-06-23,T0009,COMP-02,65.63,PREV-003,
2026-06-23,T0009,COMP-01,52.07,PREV-003,
2026-06-04,T0010,COMP-01,20.05,PREV-001,
2026-06-04,T0010,COMP-02,34.52,PREV-001,
2026-06-11,T0010,COMP-01,61.83,PREV-001,
2026-06-11,T0010,COMP-02,54.85,PREV-001,
2026-06-18,T0010,COMP-01,47.07,PREV-001,
2026-06-18,T0010,COMP-02,13.02,PREV-001,
2026-06-25,T0010,COMP-01,14.55,PREV-001,
2026-06-25,T0010,COMP-02,26.63,PREV-001,
2026-06-12,T0011,COMP-02,62.84,PREV-003,
2026-06-12,T0011,COMP-01,6.54,PREV-003,
2026-06-19,T0011,COMP-01,12.11,PREV-003,
2026-06-19,T0011,COMP-02,25.42,PREV-003,
2026-06-03,T0012,COMP-01,26.62,PREV-002,
2026-06-03,T0012,COMP-02,60.38,PREV-002,
2026-06-10,T0012,COMP-02,53.2,PREV-002,
2026-06-10,T0012,COMP-01,42.55,PREV-002,
2026-06-17,T0012,COMP-02,13.28,PREV-002,
2026-06-17,T0012,COMP-01,45.65,PREV-002,
2026-06-24,T0012,COMP-01,43.4,PREV-002,
2026-06-24,T0012,COMP-02,18.36,PREV-002,
2026-06-05,T0013,COMP-02,39.09,PREV-002,
2026-06-05,T0013,COMP-01,69.88,PREV-002,
2026-06-12,T0013,COMP-02,37.55,PREV-002,
2026-06-12,T0013,COMP-01,55.95,PREV-002,
2026-06-19,T0013,COMP-02,13.28,PREV-002,
2026-06-19,T0013,COMP-01,35.17,PREV-002,
2026-06-26,T0013,COMP-01,4.73,PREV-002,
2026-06-26,T0013,COMP-02,69.06,PREV-002,
2026-06-03,T0014,COMP-01,24.26,PREV-001,
2026-06-03,T0014,COMP-02,61.62,PREV-001,
2026-06-10,T0014,COMP-01,46.81,PREV-001,
2026-06-10,T0014,COMP-02,30.22,PREV-001,
2026-06-17,T0014,COMP-01,69.93,PREV-001,
2026-06-17,T0014,COMP-02,34.29,PREV-001,
2026-06-24,T0014,COMP-01,24.69,PREV-001,
2026-06-24,T0014,COMP-02,41.28,PREV-001,
2026-06-05,T0017,COMP-02,26.85,PREV-002,
2026-06-05,T0017,COMP-01,39.12,PREV-002,
2026-06-12,T0017,COMP-02,33.88,PREV-002,
2026-06-12,T0017,COMP-01,12.51,PREV-002,
2026-06-19,T0017,COMP-01,69.85,PREV-002,
2026-06-19,T0017,COMP-02,38.46,PREV-002,
2026-06-26,T0017,COMP-01,18.98,PREV-002,
2026-06-26,T0017,COMP-02,43.98,PREV-002,
2026-06-04,T0018,COMP-01,37.26,PREV-003,
2026-06-04,T0018,COMP-02,43.44,PREV-003,
2026-06-11,T0018,COMP-02,6.99,PREV-003,
2026-06-11,T0018,COMP-01,27.73,PREV-003,
2026-06-18,T0018,COMP-01,31.23,PREV-003,
2026-06-18,T0018,COMP-02,134.72,PREV-003,
2026-06-25,T0018,COMP-01,69.05,PREV-003,
2026-06-25,T0018,COMP-02,59.74,PREV-003,
2026-06-04,T0019,COMP-02,52.18,PREV-002,
2026-06-04,T0019,COMP-01,40.91,PREV-002,
2026-06-18,T0019,COMP-02,20.34,PREV-002,
2026-06-18,T0019,COMP-01,49.65,PREV-002,
2026-06-25,T0019,COMP-01,50.57,PREV-002,
2026-06-25,T0019,COMP-02,60.83,PREV-002,
2026-06-01,T0020,COMP-02,57.53,PREV-003,
2026-06-01,T0020,COMP-01,65.56,PREV-003,
2026-06-08,T0020,COMP-01,57.2,PREV-003,
2026-06-08,T0020,COMP-02,61.21,PREV-003,
2026-06-15,T0020,COMP-01,45.6,PREV-003,
2026-06-15,T0020,COMP-02,44.5,PREV-003,
2026-06-02,T0021,COMP-02,57.61,PREV-002,
2026-06-02,T0021,COMP-01,26.89,PREV-002,
2026-06-09,T0021,COMP-01,24.01,PREV-002,
2026-06-09,T0021,COMP-02,43.12,PREV-002,
2026-06-16,T0021,COMP-02,65.71,PREV-002,
2026-06-16,T0021,COMP-01,48.21,PREV-002,
2026-06-23,T0021,COMP-02,28.46,PREV-002,
2026-06-23,T0021,COMP-01,15.29,PREV-002,
2026-06-01,T0022,COMP-02,10.4,PREV-001,
2026-06-01,T0022,COMP-01,52.6,PREV-001,
2026-06-08,T0022,COMP-01,23.3,PREV-001,
2026-06-08,T0022,COMP-02,51.04,PREV-001,
2026-06-22,T0022,COMP-01,64.4,PREV-001,
2026-06-22,T0022,COMP-02,53.55,PREV-001,
2026-06-03,T0023,COMP-02,35.82,PREV-003,
2026-06-03,T0023,COMP-01,69.56,PREV-003,
2026-06-10,T0023,COMP-01,26.65,PREV-003,
2026-06-10,T0023,COMP-02,29.93,PREV-003,
2026-06-17,T0023,COMP-02,62.79,PREV-003,
2026-06-17,T0023,COMP-01,47.72,PREV-003,
2026-06-24,T0023,COMP-01,22.77,PREV-003,
2026-06-24,T0023,COMP-02,68.82,PREV-003,
2026-06-02,T0024,COMP-01,68.37,PREV-003,
2026-06-02,T0024,COMP-02,9.4,PREV-003,
2026-06-09,T0024,COMP-01,46.68,PREV-003,
2026-06-09,T0024,COMP-02,15.36,PREV-003,
2026-06-16,T0024,COMP-01,12.87,PREV-003,
2026-06-16,T0024,COMP-02,38.65,PREV-003,
2026-06-23,T0024,COMP-02,41.58,PREV-003,
2026-06-23,T0024,COMP-01,54.62,PREV-003,
2026-06-01,T0025,COMP-02,15.81,PREV-001,
2026-06-01,T0025,COMP-01,52.42,PREV-001,
2026-06-08,T0025,COMP-02,52.88,PREV-001,
2026-06-08,T0025,COMP-01,21.44,PREV-001,
2026-06-15,T0025,COMP-01,13.12,PREV-001,
2026-06-15,T0025,COMP-02,59.86,PREV-001,
2026-06-22,T0025,COMP-01,53.52,PREV-001,
2026-06-22,T0025,COMP-02,18.88,PREV-001,
2026-06-03,T0026,COMP-01,41.92,PREV-003,
2026-06-03,T0026,COMP-02,20.23,PREV-003,
2026-06-10,T0026,COMP-01,25.08,PREV-003,
2026-06-10,T0026,COMP-02,69.55,PREV-003,
2026-06-17,T0026,COMP-01,42.07,PREV-003,
2026-06-17,T0026,COMP-02,24.63,PREV-003,
2026-06-24,T0026,COMP-02,616.72,PREV-003,
2026-06-24,T0026,COMP-01,67.38,PREV-003,
2026-06-09,T0027,COMP-01,12.2,PREV-001,
2026-06-09,T0027,COMP-02,16.86,PREV-001,
2026-06-16,T0027,COMP-01,8.41,PREV-001,
2026-06-16,T0027,COMP-02,34.38,PREV-001,
2026-06-23,T0027,COMP-01,25.53,PREV-001,
2026-06-23,T0027,COMP-02,60.27,PREV-001,
2026-06-12,T0028,COMP-01,19.58,PREV-003,
2026-06-12,T0028,COMP-02,11.23,PREV-003,
2026-06-19,T0028,COMP-01,9.72,PREV-003,
2026-06-19,T0028,COMP-02,43.97,PREV-003,
2026-06-26,T0028,COMP-02,17.92,PREV-003,
2026-06-26,T0028,COMP-01,17.76,PREV-003,
2026-06-03,T0029,COMP-02,15.05,PREV-003,
2026-06-03,T0029,COMP-01,30.73,PREV-003,
2026-06-10,T0029,COMP-02,44.69,PREV-003,
2026-06-10,T0029,COMP-01,14.35,PREV-003,
2026-06-17,T0029,COMP-01,33.11,PREV-003,
2026-06-17,T0029,COMP-02,43.35,PREV-003,
2026-06-24,T0029,COMP-02,64.0,PREV-003,
2026-06-24,T0029,COMP-01,43.18,PREV-003,
2026-06-01,T0030,COMP-01,36.27,PREV-002,
2026-06-01,T0030,COMP-02,61.7,PREV-002,
2026-06-08,T0030,COMP-02,27.65,PREV-002,
2026-06-08,T0030,COMP-01,69.05,PREV-002,
2026-06-22,T0030,COMP-01,67.17,PREV-002,
2026-06-22,T0030,COMP-02,56.76,PREV-002,
2026-06-04,T0031,COMP-01,50.04,PREV-003,
2026-06-04,T0031,COMP-02,42.58,PREV-003,
2026-06-11,T0031,COMP-02,58.08,PREV-003,
2026-06-11,T0031,COMP-01,67.56,PREV-003,
2026-06-18,T0031,COMP-01,58.79,PREV-003,
2026-06-18,T0031,COMP-02,42.44,PREV-003,
2026-06-25,T0031,COMP-01,85.35,PREV-003,
2026-06-25,T0031,COMP-02,83.62,PREV-003,
2026-06-04,T0032,COMP-02,22.44,PREV-001,
2026-06-04,T0032,COMP-01,39.36,PREV-001,
2026-06-11,T0032,COMP-01,43.68,PREV-001,
2026-06-11,T0032,COMP-02,10.57,PREV-001,
2026-06-18,T0032,COMP-01,6.89,PREV-001,
2026-06-18,T0032,COMP-02,242.84,PREV-001,
2026-06-25,T0032,COMP-01,61.54,PREV-001,
2026-06-25,T0032,COMP-02,20.53,PREV-001,
2026-06-11,T0033,COMP-01,22.3,PREV-001,
2026-06-11,T0033,COMP-02,67.46,PREV-001,
2026-06-18,T0033,COMP-02,4.23,PREV-001,
2026-06-18,T0033,COMP-01,8.45,PREV-001,
2026-06-25,T0033,COMP-01,36.02,PREV-001,
2026-06-25,T0033,COMP-02,43.15,PREV-001,
2026-06-02,T0034,COMP-02,51.72,PREV-001,
2026-06-02,T0034,COMP-01,60.6,PREV-001,
2026-06-09,T0034,COMP-02,34.59,PREV-001,
2026-06-09,T0034,COMP-01,17.14,PREV-001,
2026-06-16,T0034,COMP-02,63.38,PREV-001,
2026-06-16,T0034,COMP-01,16.47,PREV-001,
2026-06-23,T0034,COMP-02,67.81,PREV-001,
2026-06-23,T0034,COMP-01,41.19,PREV-001,
2026-06-05,T0035,COMP-01,28.21,PREV-002,
2026-06-05,T0035,COMP-02,63.55,PREV-002,
2026-06-12,T0035,COMP-02,67.68,PREV-002,
2026-06-12,T0035,COMP-01,28.12,PREV-002,
2026-06-03,T0036,COMP-02,42.82,PREV-003,
2026-06-03,T0036,COMP-01,34.44,PREV-003,
2026-06-10,T0036,COMP-02,39.57,PREV-003,
2026-06-10,T0036,COMP-01,19.62,PREV-003,
2026-06-17,T0036,COMP-02,4.26,PREV-003,
2026-06-17,T0036,COMP-01,67.37,PREV-003,
2026-06-24,T0036,COMP-02,54.94,PREV-003,
2026-06-24,T0036,COMP-01,50.58,PREV-003,
2026-06-04,T0037,COMP-01,76.61,PREV-001,
2026-06-04,T0037,COMP-02,9.15,PREV-001,
2026-06-11,T0037,COMP-02,28.41,PREV-001,
2026-06-11,T0037,COMP-01,26.92,PREV-001,
2026-06-18,T0037,COMP-01,66.55,PREV-001,
2026-06-18,T0037,COMP-02,22.66,PREV-001,
2026-06-25,T0037,COMP-01,15.94,PREV-001,
2026-06-25,T0037,COMP-02,29.87,PREV-001,
2026-06-03,T0038,COMP-02,62.96,PREV-002,
2026-06-03,T0038,COMP-01,41.58,PREV-002,
2026-06-10,T0038,COMP-01,47.52,PREV-002,
2026-06-10,T0038,COMP-02,17.86,PREV-002,
2026-06-17,T0038,COMP-01,8.86,PREV-002,
2026-06-17,T0038,COMP-02,599.61,PREV-002,
2026-06-24,T0038,COMP-01,51.68,PREV-002,
2026-06-24,T0038,COMP-02,3.55,PREV-002,
2026-06-03,T0039,COMP-02,52.51,PREV-003,
2026-06-03,T0039,COMP-01,18.17,PREV-003,
2026-06-10,T0039,COMP-02,53.75,PREV-003,
2026-06-10,T0039,COMP-01,18.04,PREV-003,
2026-06-17,T0039,COMP-01,597.73,PREV-003,
2026-06-17,T0039,COMP-02,34.48,PREV-003,
2026-06-24,T0039,COMP-02,31.89,PREV-003,
2026-06-24,T0039,COMP-01,30.96,PREV-003,
2026-06-02,T0040,COMP-02,44.65,PREV-001,
2026-06-02,T0040,COMP-01,21.44,PREV-001,
2026-06-09,T0040,COMP-02,36.92,PREV-001,
2026-06-09,T0040,COMP-01,47.73,PREV-001,
2026-06-16,T0040,COMP-02,45.87,PREV-001,
2026-06-16,T0040,COMP-01,26.65,PREV-001,
2026-06-23,T0040,COMP-02,41.66,PREV-001,
2026-06-23,T0040,COMP-01,45.64,PREV-001,
