producto_id,categoria,marca,costo,precio_lista,margen_minimo_pct,rotacion_esperada
P001,botanas,MarcaB,51.97,77.79,15,3.3
P002,botanas,MarcaA,46.48,71.22,15,14.2
P003,botanas,MarcaA,44.29,72.47,12,29.8
P004,botanas,MarcaE,28.2,44.88,18,27.0
P005,botanas,MarcaC,39.13,53.29,15,23.0
P006,botanas,MarcaC,36.71,66.24,18,26.9
P007,galletas,MarcaC,40.39,74.43,18,27.0
P008,galletas,MarcaD,8.73,12.46,12,16.5
P009,galletas,MarcaA,27.29,45.16,12,10.8
P010,galletas,MarcaA,6.33,8.92,18,23.6
P011,abarrotes,MarcaB,31.66,54.45,15,20.5
P012,abarrotes,MarcaC,22.47,33.81,12,12.5
P013,abarrotes,MarcaD,12.09,20.71,15,4.6
P014,abarrotes,MarcaC,9.79,17.13,15,22.9
P015,cuidado_personal,MarcaC,36.91,65.43,18,9.3
P016,cuidado_personal,MarcaE,13.55,19.1,12,28.2
P017,cuidado_personal,MarcaA,55.81,103.46,18,8.7
P018,cuidado_personal,MarcaC,36.54,53.96,18,5.4
P019,cuidado_personal,MarcaC,23.42,32.1,12,25.3
P020,cuidado_personal,MarcaC,37.09,61.39,12,6.3
