promo_id,producto_id,zona,canal,fecha_inicio,fecha_fin,tipo,valor,estado
PR000,P019,Centro,mayoreo,2026-08-10,2026-08-20,precio_fijo,11.62,planeada
PR001,P005,Norte,moderno,2026-08-12,2026-08-25,2x1,0.0,planeada
PR002,P022,Centro,conveniencia,2026-07-26,2026-08-07,descuento_pct,20.0,planeada
PR003,P020,Sur,moderno,2026-07-31,2026-08-11,2x1,0.0,planeada
PR004,P045,Norte,moderno,2026-06-05,2026-06-15,descuento_pct,25.0,cerrada
PR005,P008,Norte,mayoreo,2026-07-24,2026-08-02,2x1,0.0,planeada
PR006,P029,Bajio,conveniencia,2026-06-29,2026-07-07,descuento_pct,15.0,cerrada
PR007,P009,Bajio,tradicional,2026-07-13,2026-07-22,precio_fijo,12.93,activa
PR008,P034,Bajio,conveniencia,2026-06-26,2026-07-03,2x1,0.0,cerrada
PR009,P058,Centro,conveniencia,2026-08-12,2026-08-26,precio_fijo,8.78,planeada
PR010,P049,Centro,mayoreo,2026-08-09,2026-08-17,2x1,0.0,planeada
PR011,P014,Sur,tradicional,2026-07-17,2026-07-25,descuento_pct,25.0,planeada
PR012,P003,Sur,conveniencia,2026-07-18,2026-07-29,descuento_pct,10.0,planeada
PR013,P016,Norte,moderno,2026-06-22,2026-07-03,descuento_pct,10.0,cerrada
PR014,P026,Norte,mayoreo,2026-07-21,2026-07-30,descuento_pct,10.0,planeada
PR015,P016,Bajio,moderno,2026-08-02,2026-08-10,precio_fijo,48.64,planeada
PR016,P021,Sur,mayoreo,2026-08-08,2026-08-20,2x1,0.0,planeada
PR017,P020,Sur,tradicional,2026-07-17,2026-07-28,precio_fijo,40.19,planeada
PR018,P017,Sur,conveniencia,2026-07-10,2026-07-22,precio_fijo,48.42,activa
PR019,P026,Bajio,tradicional,2026-06-24,2026-07-07,2x1,0.0,cerrada
PR020,P060,Norte,mayoreo,2026-08-02,2026-08-16,precio_fijo,38.26,planeada
PR021,P018,Sur,conveniencia,2026-06-14,2026-06-25,2x1,0.0,cerrada
PR022,P052,Norte,mayoreo,2026-08-10,2026-08-23,2x1,0.0,planeada
PR023,P027,Norte,mayoreo,2026-06-17,2026-07-01,precio_fijo,48.41,cerrada
PR024,P046,Centro,tradicional,2026-07-02,2026-07-09,precio_fijo,47.19,cerrada
PR025,P051,Centro,mayoreo,2026-06-06,2026-06-18,descuento_pct,20.0,cerrada
PR026,P021,Bajio,moderno,2026-07-25,2026-08-06,2x1,0.0,planeada
PR027,P009,Centro,moderno,2026-08-01,2026-08-15,descuento_pct,25.0,planeada
PR028,P004,Norte,mayoreo,2026-07-06,2026-07-18,descuento_pct,10.0,activa
PR029,P007,Sur,mayoreo,2026-06-09,2026-06-19,descuento_pct,25.0,cerrada
PR030,P015,Sur,tradicional,2026-07-14,2026-07-21,precio_fijo,11.63,activa
PR031,P010,Norte,tradicional,2026-07-10,2026-07-23,2x1,0.0,activa
PR032,P008,Sur,mayoreo,2026-06-03,2026-06-12,precio_fijo,22.28,cerrada
PR033,P039,Centro,mayoreo,2026-08-11,2026-08-22,2x1,0.0,planeada
PR034,P043,Norte,conveniencia,2026-08-03,2026-08-10,2x1,0.0,planeada
PR035,P010,Bajio,tradicional,2026-07-21,2026-08-03,descuento_pct,20.0,planeada
PR036,P059,Centro,mayoreo,2026-07-08,2026-07-20,descuento_pct,10.0,activa
PR037,P020,Centro,conveniencia,2026-06-25,2026-07-06,2x1,0.0,cerrada
PR038,P051,Bajio,conveniencia,2026-07-03,2026-07-17,precio_fijo,21.83,activa
PR039,P004,Sur,mayoreo,2026-08-05,2026-08-13,precio_fijo,43.69,planeada
PR040,P011,Norte,tradicional,2026-06-03,2026-06-14,2x1,0.0,cerrada
PR041,P059,Norte,mayoreo,2026-07-14,2026-07-22,descuento_pct,15.0,activa
PR042,P005,Norte,conveniencia,2026-08-09,2026-08-16,2x1,0.0,planeada
PR043,P027,Norte,moderno,2026-06-20,2026-06-28,descuento_pct,25.0,cerrada
PR044,P039,Norte,conveniencia,2026-06-01,2026-06-12,2x1,0.0,cerrada
PR045,P012,Centro,tradicional,2026-08-04,2026-08-14,precio_fijo,10.34,planeada
PR046,P007,Bajio,conveniencia,2026-06-15,2026-06-27,precio_fijo,37.64,cerrada
PR047,P054,Sur,mayoreo,2026-07-27,2026-08-06,2x1,0.0,planeada
PR048,P015,Sur,conveniencia,2026-07-06,2026-07-19,2x1,0.0,activa
PR049,P044,Bajio,moderno,2026-07-22,2026-07-31,descuento_pct,25.0,planeada
PR050,P034,Sur,tradicional,2026-07-10,2026-07-21,2x1,0.0,activa
PR051,P033,Bajio,conveniencia,2026-06-21,2026-06-28,descuento_pct,25.0,cerrada
PR052,P037,Norte,mayoreo,2026-07-16,2026-07-24,precio_fijo,48.84,activa
PR053,P004,Centro,tradicional,2026-08-01,2026-08-13,2x1,0.0,planeada
PR054,P028,Norte,mayoreo,2026-08-16,2026-08-24,precio_fijo,12.5,planeada
PR055,P020,Sur,moderno,2026-08-15,2026-08-23,precio_fijo,33.7,planeada
PR056,P010,Bajio,moderno,2026-08-08,2026-08-18,descuento_pct,15.0,planeada
PR057,P048,Norte,mayoreo,2026-06-23,2026-07-07,descuento_pct,15.0,cerrada
PR058,P029,Centro,moderno,2026-07-21,2026-07-28,2x1,0.0,planeada
PR059,P007,Bajio,mayoreo,2026-06-01,2026-06-13,2x1,0.0,cerrada
PR060,P016,Norte,conveniencia,2026-08-11,2026-08-18,2x1,0.0,planeada
PR061,P059,Bajio,moderno,2026-08-09,2026-08-23,2x1,0.0,planeada
PR062,P034,Norte,mayoreo,2026-07-09,2026-07-18,2x1,0.0,activa
PR063,P019,Centro,moderno,2026-06-03,2026-06-13,descuento_pct,10.0,cerrada
PR064,P019,Centro,tradicional,2026-07-29,2026-08-10,descuento_pct,10.0,planeada
PR065,P051,Sur,conveniencia,2026-07-21,2026-07-30,descuento_pct,15.0,planeada
PR066,P054,Norte,conveniencia,2026-07-30,2026-08-06,2x1,0.0,planeada
PR067,P013,Bajio,mayoreo,2026-07-12,2026-07-26,precio_fijo,36.22,activa
PR068,P039,Norte,mayoreo,2026-07-20,2026-07-31,2x1,0.0,planeada
PR069,P004,Norte,mayoreo,2026-06-08,2026-06-21,2x1,0.0,cerrada
PR070,P014,Norte,tradicional,2026-08-02,2026-08-12,precio_fijo,37.38,planeada
PR071,P030,Centro,conveniencia,2026-06-23,2026-07-02,precio_fijo,43.16,cerrada
PR072,P036,Bajio,moderno,2026-08-12,2026-08-22,precio_fijo,34.39,planeada
PR073,P045,Centro,mayoreo,2026-07-29,2026-08-10,descuento_pct,20.0,planeada
PR074,P006,Centro,conveniencia,2026-08-15,2026-08-23,precio_fijo,28.4,planeada
PR075,P033,Norte,moderno,2026-06-01,2026-06-11,descuento_pct,10.0,cerrada
PR076,P017,Sur,moderno,2026-07-15,2026-07-25,2x1,0.0,activa
PR077,P021,Sur,tradicional,2026-07-02,2026-07-13,precio_fijo,19.88,cerrada
PR078,P033,Centro,moderno,2026-08-11,2026-08-20,2x1,0.0,planeada
PR079,P008,Norte,mayoreo,2026-07-31,2026-08-14,descuento_pct,10.0,planeada
PR080,P012,Bajio,tradicional,2026-06-22,2026-06-29,descuento_pct,15.0,cerrada
PR081,P034,Centro,mayoreo,2026-06-06,2026-06-13,2x1,0.0,cerrada
PR082,P012,Sur,mayoreo,2026-06-22,2026-07-03,precio_fijo,11.76,cerrada
PR083,P022,Bajio,moderno,2026-06-13,2026-06-26,precio_fijo,46.74,cerrada
PR084,P045,Bajio,tradicional,2026-08-07,2026-08-20,descuento_pct,10.0,planeada
PR085,P053,Centro,conveniencia,2026-07-25,2026-08-02,precio_fijo,46.14,planeada
PR086,P013,Norte,moderno,2026-06-07,2026-06-21,precio_fijo,9.33,cerrada
PR087,P007,Norte,tradicional,2026-06-24,2026-07-04,precio_fijo,32.21,cerrada
PR088,P003,Centro,tradicional,2026-06-30,2026-07-13,2x1,0.0,cerrada
PR089,P016,Centro,tradicional,2026-07-02,2026-07-09,descuento_pct,25.0,cerrada
PR090,P058,Bajio,conveniencia,2026-07-04,2026-07-13,descuento_pct,25.0,cerrada
PR091,P028,Norte,mayoreo,2026-06-13,2026-06-20,precio_fijo,20.56,cerrada
PR092,P023,Centro,moderno,2026-07-22,2026-08-03,precio_fijo,26.36,planeada
PR093,P045,Norte,tradicional,2026-07-16,2026-07-30,precio_fijo,31.45,activa
PR094,P007,Norte,moderno,2026-07-18,2026-08-01,precio_fijo,35.64,planeada
PR095,P006,Sur,conveniencia,2026-07-27,2026-08-03,descuento_pct,25.0,planeada
PR096,P029,Centro,tradicional,2026-07-24,2026-08-06,precio_fijo,20.91,planeada
PR097,P002,Centro,moderno,2026-06-11,2026-06-19,precio_fijo,18.35,cerrada
PR098,P012,Bajio,conveniencia,2026-08-04,2026-08-17,precio_fijo,30.46,planeada
PR099,P057,Centro,mayoreo,2026-06-11,2026-06-23,2x1,0.0,cerrada
PR100,P033,Sur,tradicional,2026-07-08,2026-07-18,2x1,0.0,activa
PR101,P048,Norte,tradicional,2026-07-25,2026-08-05,2x1,0.0,planeada
PR102,P056,Norte,tradicional,2026-06-21,2026-07-01,descuento_pct,20.0,cerrada
PR103,P017,Centro,moderno,2026-07-21,2026-08-02,descuento_pct,20.0,planeada
PR104,P052,Bajio,conveniencia,2026-06-28,2026-07-09,2x1,0.0,cerrada
PR105,P017,Norte,moderno,2026-06-09,2026-06-19,precio_fijo,35.04,cerrada
PR106,P014,Bajio,tradicional,2026-08-13,2026-08-23,2x1,0.0,planeada
PR107,P026,Norte,moderno,2026-07-21,2026-08-04,precio_fijo,38.48,planeada
PR108,P041,Bajio,moderno,2026-07-19,2026-08-02,descuento_pct,10.0,planeada
PR109,P040,Bajio,mayoreo,2026-06-24,2026-07-07,precio_fijo,24.99,cerrada
PR110,P003,Centro,tradicional,2026-06-21,2026-06-28,2x1,0.0,cerrada
PR111,P047,Centro,conveniencia,2026-07-13,2026-07-26,precio_fijo,38.92,activa
PR112,P024,Centro,mayoreo,2026-06-24,2026-07-07,2x1,0.0,cerrada
PR113,P046,Centro,conveniencia,2026-06-25,2026-07-05,descuento_pct,10.0,cerrada
PR114,P015,Bajio,moderno,2026-08-06,2026-08-13,precio_fijo,30.21,planeada
PR115,P045,Bajio,conveniencia,2026-07-29,2026-08-10,2x1,0.0,planeada
PR116,P018,Sur,mayoreo,2026-07-03,2026-07-12,2x1,0.0,cerrada
PR117,P024,Centro,moderno,2026-07-08,2026-07-20,descuento_pct,20.0,activa
PR118,P057,Centro,tradicional,2026-06-15,2026-06-29,2x1,0.0,cerrada
PR119,P013,Norte,tradicional,2026-06-06,2026-06-18,precio_fijo,35.34,cerrada
PR120,P052,Sur,mayoreo,2026-08-13,2026-08-21,2x1,0.0,planeada
PR121,P039,Sur,tradicional,2026-07-21,2026-07-29,precio_fijo,35.05,planeada
PR122,P060,Norte,moderno,2026-07-26,2026-08-07,2x1,0.0,planeada
PR123,P034,Norte,tradicional,2026-06-06,2026-06-16,descuento_pct,15.0,cerrada
PR124,P031,Bajio,conveniencia,2026-07-29,2026-08-07,2x1,0.0,planeada
PR125,P041,Centro,mayoreo,2026-08-02,2026-08-10,descuento_pct,25.0,planeada
PR126,P028,Norte,conveniencia,2026-07-09,2026-07-16,descuento_pct,15.0,activa
PR127,P045,Bajio,moderno,2026-07-04,2026-07-18,precio_fijo,34.32,activa
PR128,P003,Sur,mayoreo,2026-07-07,2026-07-18,2x1,0.0,activa
PR129,P013,Centro,moderno,2026-08-14,2026-08-21,descuento_pct,20.0,planeada
PR130,P014,Norte,tradicional,2026-06-06,2026-06-15,precio_fijo,8.5,cerrada
PR131,P048,Norte,moderno,2026-06-04,2026-06-15,descuento_pct,20.0,cerrada
PR132,P030,Sur,mayoreo,2026-07-28,2026-08-11,2x1,0.0,planeada
PR133,P045,Bajio,conveniencia,2026-06-19,2026-07-02,descuento_pct,25.0,cerrada
PR134,P001,Centro,mayoreo,2026-07-21,2026-08-04,2x1,0.0,planeada
PR135,P041,Centro,moderno,2026-07-08,2026-07-17,descuento_pct,10.0,activa
PR136,P051,Sur,conveniencia,2026-08-08,2026-08-15,2x1,0.0,planeada
PR137,P016,Sur,tradicional,2026-06-23,2026-07-05,descuento_pct,20.0,cerrada
PR138,P037,Centro,tradicional,2026-07-25,2026-08-01,precio_fijo,8.23,planeada
PR139,P013,Centro,moderno,2026-06-10,2026-06-24,descuento_pct,10.0,cerrada
PR900,P056,Bajio,tradicional,2026-07-13,2026-07-26,descuento_pct,15.0,activa
