tienda_id,canal,zona,tam,frecuencia_visita,preventista_id
T0001,moderno,Sur,C,,
T0002,moderno,Norte,C,,
T0003,moderno,Sur,B,,
T0004,moderno,Sur,B,,
T0005,moderno,Centro,B,,
T0006,moderno,Sur,A,,
T0007,moderno,Sur,C,,
T0008,moderno,Sur,C,,
T0009,moderno,Sur,B,,
T0010,moderno,Bajio,C,,
T0011,moderno,Bajio,B,,
T0012,moderno,Sur,A,,
T0013,moderno,Bajio,A,,
T0014,moderno,Bajio,B,,
T0015,moderno,Centro,B,,
T0016,moderno,Bajio,B,,
T0017,moderno,Centro,B,,
T0018,moderno,Norte,B,,
T0019,moderno,Centro,B,,
T0020,moderno,Centro,A,,
T0021,moderno,Sur,B,,
T0022,moderno,Norte,A,,
T0023,moderno,Norte,B,,
T0024,moderno,Norte,C,,
T0025,moderno,Bajio,C,,
T0026,moderno,Sur,A,,
T0027,moderno,Norte,C,,
T0028,moderno,Centro,A,,
T0029,moderno,Sur,C,,
T0030,moderno,Norte,B,,
T0031,moderno,Bajio,C,,
T0032,moderno,Centro,B,,
T0033,moderno,Norte,C,,
T0034,moderno,Centro,B,,
T0035,moderno,Centro,B,,
T0036,moderno,Bajio,A,,
T0037,moderno,Bajio,B,,
T0038,moderno,Sur,B,,
T0039,moderno,Sur,B,,
T0040,moderno,Centro,A,,
T0041,conveniencia,Norte,A,,PREV-004
T0042,conveniencia,Centro,B,,PREV-005
T0043,conveniencia,Sur,C,,PREV-003
T0044,conveniencia,Norte,B,,PREV-003
T0045,conveniencia,Bajio,B,,PREV-008
T0046,conveniencia,Sur,C,,PREV-008
T0047,conveniencia,Sur,B,,PREV-012
T0048,conveniencia,Bajio,B,,PREV-003
T0049,conveniencia,Norte,A,,PREV-004
T0050,conveniencia,Sur,B,,PREV-009
T0051,conveniencia,Sur,C,,PREV-002
T0052,conveniencia,Centro,A,,PREV-013
T0053,conveniencia,Norte,C,,PREV-001
T0054,conveniencia,Bajio,C,,PREV-010
T0055,conveniencia,Sur,A,,PREV-015
T0056,conveniencia,Sur,A,,PREV-009
T0057,conveniencia,Sur,B,,PREV-012
T0058,conveniencia,Centro,A,,PREV-006
T0059,conveniencia,Sur,C,,PREV-004
T0060,conveniencia,Bajio,B,,PREV-015
T0061,conveniencia,Bajio,B,,PREV-013
T0062,conveniencia,Sur,B,,PREV-004
T0063,conveniencia,Sur,A,,PREV-015
T0064,conveniencia,Norte,B,,PREV-009
T0065,conveniencia,Bajio,A,,PREV-011
T0066,conveniencia,Bajio,B,,PREV-008
T0067,conveniencia,Sur,A,,PREV-012
T0068,conveniencia,Sur,B,,PREV-001
T0069,conveniencia,Sur,A,,PREV-006
T0070,conveniencia,Sur,C,,PREV-006
T0071,mayoreo,Centro,A,,
T0072,mayoreo,Norte,C,,
T0073,mayoreo,Bajio,B,,
T0074,mayoreo,Centro,C,,
T0075,mayoreo,Sur,A,,
T0076,mayoreo,Sur,C,,
T0077,mayoreo,Norte,C,,
T0078,mayoreo,Bajio,A,,
T0079,mayoreo,Norte,B,,
T0080,mayoreo,Norte,C,,
T0081,tradicional,Bajio,C,semanal,PREV-005
T0082,tradicional,Centro,C,semanal,PREV-009
T0083,tradicional,Norte,A,quincenal,PREV-010
T0084,tradicional,Norte,B,semanal,PREV-007
T0085,tradicional,Norte,A,semanal,PREV-004
T0086,tradicional,Norte,B,quincenal,PREV-004
T0087,tradicional,Sur,C,semanal,PREV-009
T0088,tradicional,Bajio,B,quincenal,PREV-001
T0089,tradicional,Sur,C,semanal,PREV-006
T0090,tradicional,Norte,B,semanal,PREV-004
T0091,tradicional,Bajio,C,quincenal,PREV-002
T0092,tradicional,Sur,A,quincenal,PREV-007
T0093,tradicional,Norte,B,quincenal,PREV-013
T0094,tradicional,Bajio,C,quincenal,PREV-009
T0095,tradicional,Norte,C,semanal,PREV-001
T0096,tradicional,Centro,B,semanal,PREV-005
T0097,tradicional,Sur,C,semanal,PREV-007
T0098,tradicional,Bajio,B,quincenal,PREV-010
T0099,tradicional,Centro,B,semanal,PREV-002
T0100,tradicional,Norte,B,semanal,PREV-002
T0101,tradicional,Centro,B,quincenal,PREV-015
T0102,tradicional,Bajio,C,semanal,PREV-009
T0103,tradicional,Sur,A,semanal,PREV-015
T0104,tradicional,Bajio,C,quincenal,PREV-008
T0105,tradicional,Sur,B,semanal,PREV-007
T0106,tradicional,Bajio,B,semanal,PREV-006
T0107,tradicional,Sur,B,quincenal,PREV-014
T0108,tradicional,Centro,B,semanal,PREV-009
T0109,tradicional,Norte,C,semanal,PREV-002
T0110,tradicional,Sur,B,semanal,PREV-006
T0111,tradicional,Bajio,B,semanal,PREV-008
T0112,tradicional,Centro,B,semanal,PREV-014
T0113,tradicional,Bajio,A,semanal,PREV-005
T0114,tradicional,Bajio,B,semanal,PREV-015
T0115,tradicional,Bajio,C,semanal,PREV-004
T0116,tradicional,Sur,B,semanal,PREV-009
T0117,tradicional,Bajio,C,semanal,PREV-012
T0118,tradicional,Bajio,B,semanal,PREV-011
T0119,tradicional,Norte,C,semanal,PREV-008
T0120,tradicional,Centro,B,semanal,PREV-014
T0121,tradicional,Norte,C,quincenal,PREV-006
T0122,tradicional,Sur,C,quincenal,PREV-004
T0123,tradicional,Centro,B,semanal,PREV-007
T0124,tradicional,Centro,C,semanal,PREV-004
T0125,tradicional,Bajio,B,quincenal,PREV-004
T0126,tradicional,Sur,B,quincenal,PREV-015
T0127,tradicional,Sur,B,quincenal,PREV-009
T0128,tradicional,Bajio,B,quincenal,PREV-007
T0129,tradicional,Norte,C,semanal,PREV-003
T0130,tradicional,Centro,B,quincenal,PREV-003
T0131,tradicional,Centro,B,quincenal,PREV-010
T0132,tradicional,Bajio,C,quincenal,PREV-013
T0133,tradicional,Sur,B,quincenal,PREV-007
T0134,tradicional,Sur,B,quincenal,PREV-003
T0135,tradicional,Norte,B,semanal,PREV-010
T0136,tradicional,Sur,B,semanal,PREV-006
T0137,tradicional,Bajio,B,semanal,PREV-005
T0138,tradicional,Bajio,B,semanal,PREV-013
T0139,tradicional,Bajio,B,semanal,PREV-015
T0140,tradicional,Bajio,C,quincenal,PREV-010
T0141,tradicional,Sur,A,semanal,PREV-001
T0142,tradicional,Bajio,C,semanal,PREV-014
T0143,tradicional,Centro,A,quincenal,PREV-005
T0144,tradicional,Norte,B,semanal,PREV-008
T0145,tradicional,Bajio,A,semanal,PREV-007
T0146,tradicional,Norte,A,semanal,PREV-014
T0147,tradicional,Sur,A,quincenal,PREV-013
T0148,tradicional,Centro,A,semanal,PREV-009
T0149,tradicional,Centro,A,quincenal,PREV-007
T0150,tradicional,Centro,B,quincenal,PREV-003
T0151,tradicional,Norte,A,semanal,PREV-004
T0152,tradicional,Norte,C,quincenal,PREV-009
T0153,tradicional,Centro,B,semanal,PREV-008
T0154,tradicional,Centro,B,quincenal,PREV-013
T0155,tradicional,Centro,C,semanal,PREV-014
T0156,tradicional,Bajio,C,quincenal,PREV-006
T0157,tradicional,Bajio,A,semanal,PREV-002
T0158,tradicional,Norte,B,semanal,PREV-008
T0159,tradicional,Centro,A,quincenal,PREV-011
T0160,tradicional,Bajio,A,semanal,PREV-013
T0161,tradicional,Centro,A,semanal,PREV-006
T0162,tradicional,Bajio,A,semanal,PREV-014
T0163,tradicional,Norte,B,semanal,PREV-003
T0164,tradicional,Bajio,B,quincenal,PREV-008
T0165,tradicional,Bajio,B,semanal,PREV-007
T0166,tradicional,Bajio,B,quincenal,PREV-008
T0167,tradicional,Centro,B,semanal,PREV-001
T0168,tradicional,Sur,B,semanal,PREV-003
T0169,tradicional,Bajio,B,semanal,PREV-009
T0170,tradicional,Centro,B,semanal,PREV-008
T0171,tradicional,Centro,B,quincenal,PREV-007
T0172,tradicional,Bajio,C,semanal,PREV-005
T0173,tradicional,Centro,B,semanal,PREV-012
T0174,tradicional,Centro,A,semanal,PREV-010
T0175,tradicional,Centro,B,quincenal,PREV-011
T0176,tradicional,Sur,A,semanal,PREV-014
T0177,tradicional,Norte,C,semanal,PREV-010
T0178,tradicional,Bajio,B,semanal,PREV-007
T0179,tradicional,Bajio,B,quincenal,PREV-013
T0180,tradicional,Bajio,B,quincenal,PREV-005
T0181,tradicional,Sur,A,semanal,PREV-003
T0182,tradicional,Sur,B,quincenal,PREV-002
T0183,tradicional,Bajio,A,semanal,PREV-011
T0184,tradicional,Centro,C,quincenal,PREV-002
T0185,tradicional,Centro,C,semanal,PREV-005
T0186,tradicional,Centro,A,quincenal,PREV-001
T0187,tradicional,Centro,C,semanal,PREV-009
T0188,tradicional,Norte,C,semanal,PREV-009
T0189,tradicional,Centro,B,semanal,PREV-014
T0190,tradicional,Sur,B,semanal,PREV-010
T0191,tradicional,Bajio,B,semanal,PREV-014
T0192,tradicional,Centro,C,quincenal,PREV-010
T0193,tradicional,Sur,A,semanal,PREV-008
T0194,tradicional,Bajio,A,semanal,PREV-010
T0195,tradicional,Norte,B,quincenal,PREV-005
T0196,tradicional,Bajio,C,quincenal,PREV-009
T0197,tradicional,Sur,A,semanal,PREV-007
T0198,tradicional,Norte,B,quincenal,PREV-013
T0199,tradicional,Bajio,B,semanal,PREV-008
T0200,tradicional,Norte,C,quincenal,PREV-014
